Direccion;Precio;Tipo_Adquicision;Habitaciones;Banios;Ciudad;Fecha
5241 Brooklyn Avenue NE, Seattle, WA 98105;818800;ForSale;4;2;Seattle;2023-11-02T16:42:18.591Z
2729 Fircrest Drive SE, Port Orchard, WA 98366;489900;ForSale;5;2;Pt Orchard;2023-10-20T00:21:33.892Z
2311 Milton Way UNIT E, Milton, WA 98354;445000;ForSale;2;3;Milton;2023-11-13T05:17:18.619Z
14640 NW Rock Creek Rd, Portland, OR 97231;1700000;ForSale;5;4;Portland;2024-03-01T17:03:10.831Z
9014 20th Avenue NE, Seattle, WA 98115;570000;ForSale;3;2;Seattle;2024-03-25T14:11:43.467Z
3501 Auburn Way S UNIT 49, Auburn, WA 98092;208000;ForSale;3;2;Auburn;2023-11-02T14:50:37.951Z
6300 S Perry Street, Seattle, WA 98118;795000;ForSale;5;5;Seattle;2024-02-28T01:28:42.496Z
1142 Pinto Loop, Richland, WA 99352;1450000;ForSale;4;4;Richland;2024-03-21T20:11:58.749Z
335 Glenn Hill Ave, West Richland, WA 99353;289900;ForSale;3;2;West Richland;2024-03-17T07:46:44.842Z
575 Mountainside Drive SW, Issaquah, WA 98027;1250000;ForSale;4;2;Issaquah;2023-11-07T08:37:13.127Z
1402 Kendall Rd NW, Benton City, WA 99320;389000;ForSale;6;3;Benton City;2023-10-10T16:28:50.736Z
3615 Phinney Avenue N UNIT A, Seattle, WA 98103;898000;ForSale;2;3;Seattle;2023-10-31T01:13:37.816Z
3141 E 34th Ave, Spokane, WA 99223;335000;ComingSoon;3;2;Spokane;2024-02-20T20:40:49.289Z
25200 NW Saint Helens Rd #22, Portland, OR 97231;55000;ForSale;2;2;Portland;2023-12-22T21:01:46.195Z
28705 NE 197th Avenue, Battle Ground, WA 98604;835000;ForSale;3;3;Battle Ground;2024-01-05T06:22:14.398Z
12302 W Euclid Rd, Spokane, WA 99224;450000;ForSale;3;2;Spokane;2024-02-14T16:22:20.332Z
16704 SE Newport Way, Bellevue, WA 98006;1199950;ForSale;3;2;Bellevue;2023-12-04T19:51:41.969Z
10 W Hoh Circle, Elma, WA 98541;299900;ForSale;3;2;Elma;2023-12-10T06:30:26.752Z
65038 Logan Hill Road, Chehalis, WA 98532;399000;ForSale;4;3;Chehalis;2024-03-02T11:13:05.838Z
1303 China Garden Rd, Kalama, WA 98625;436000;ForSale;3;2;Kalama;2023-10-29T15:25:30.930Z
10915 S Sherman Rd, Spokane, WA 99224;1750000;ComingSoon;4;4;Spokane;2023-12-12T06:05:40.807Z
8767 NW Springville Rd, Portland, OR 97231;450000;ForSale;3;3;Portland;2024-03-30T15:13:20.812Z
2605 W Woodside Ave, Spokane, WA 99208;399900;ForSale;3;2;Spokane;2023-11-23T16:19:13.364Z
528 Crestline Circle Dr, Lewiston, ID 83501;1800000;ForSale;4;4;Lewiston;2023-10-22T07:59:12.831Z
6303 Karjala Road, Aberdeen, WA 98520;294500;ForSale;3;1;Aberdeen;2024-03-28T11:58:13.254Z
5912 S Summerwood St, Spokane, WA 99224;1200000;ComingSoon;5;4;Spokane;2024-03-18T05:48:52.194Z
206 S 4th Ave, Ridgefield, WA 98642;499900;ForSale;3;2;Ridgefield;2024-03-16T09:43:15.881Z
1706 Wooden Rd, Shawnigan Lake, BC V0R 2W1;999000;ForSale;3;3;Shawnigan Lake;2024-01-09T00:13:49.522Z
9602 NE 69th St, Vancouver, WA 98662;479900;ForSale;4;2;Vancouver;2024-02-08T07:06:27.921Z
23125 SE 243rd Place, Maple Valley, WA 98038;950000;ForSale;5;3;Maple Valley;2023-11-30T03:45:57.631Z
8008 NE 179th Street UNIT 8, Battle Ground, WA 98604;259500;ForSale;3;2;Battle Ground;2024-02-24T20:37:57.816Z
200 S Young Pl, Kennewick, WA 99336;419950;ForSale;3;3;Kennewick;2024-02-29T11:29:16.859Z
5641 Hawks Prairie Road NE, Olympia, WA 98516;1895000;ForSale;4;3;Olympia;2024-02-06T22:50:59.723Z
22518 Paul Bunyan Road SE, Yelm, WA 98597;275000;ForSale;2;1;Yelm;2024-03-18T14:17:40.079Z
13751 NE North Shore Road, Belfair, WA 98528;750000;ForSale;2;2;Belfair;2024-02-19T14:31:27.704Z
36842 45th Avenue S, Auburn, WA 98001;410000;ForSale;3;1;Auburn;2023-11-05T05:06:44.112Z
1255 Hillgrove Rd, North Saanich, BC V8L 5K7;1599900;ForSale;5;4;North Saanich;2024-03-14T20:53:58.204Z
12207 E 27th Ave, Spokane, WA 99206;390000;ForSale;5;2;Spokane;2024-01-06T02:04:13.713Z
3826 Densmore Avenue N, Seattle, WA 98103;1185000;ForSale;4;2;Seattle;2023-11-11T10:49:23.247Z
117 McKay Street, White Pass, WA 98937;365000;ForSale;2;2;Naches;2023-11-06T05:30:46.857Z
129 Meagan Court, Gold Bar, WA 98251;499950;ForSale;3;2;Gold Bar;2023-10-31T22:39:06.170Z
5123 Baker Way NW, Gig Harbor, WA 98332;2450000;ForSale;5;5;Gig Harbor;2024-02-04T21:33:51.105Z
8039 43rd Avenue NE, Seattle, WA 98115;899950;ForSale;4;2;Seattle;2024-01-07T06:20:41.025Z
629 E Harstine Heights Lane, Shelton, WA 98584;279900;ForSale;3;3;Shelton;2023-11-26T05:21:43.779Z
502 E Division Street, Mount Vernon, WA 98274;514990;ForSale;3;1;Mount Vernon;2024-03-19T02:37:40.343Z
17312 NE 26th Way, Vancouver, WA 98684;510000;ForSale;4;3;Vancouver;2023-10-22T21:51:53.885Z
1888 California Avenue SE, Port Orchard, WA 98366;299000;ForSale;2;1;Pt Orchard;2023-12-13T11:47:06.172Z
4944 NE 37th Ave, Portland, OR 97211;490000;ForSale;3;2;Portland;2024-02-26T18:36:48.784Z
16935 W Charles Rd, Nine Mile Falls, WA 99026;660000;ForSale;2;2;Nine Mile Falls;2023-11-21T23:25:49.436Z
9921 119th Street SW, Lakewood, WA 98498;439000;ForSale;3;1;Tacoma;2023-12-07T05:32:12.637Z
2140 192nd Avenue SE, Sammamish, WA 98075;990000;ForSale;4;3;Sammamish;2023-12-09T11:10:30.212Z
1409 SW Julia, College Place, WA 99324;460000;ForSale;3;2;College Place;2024-02-17T07:22:18.229Z
130 SW 194th Street, Normandy Park, WA 98166;749950;ForSale;3;3;Normandy Park;2024-02-10T14:37:35.060Z
3306 238th Street SW, Brier, WA 98036;950000;ForSale;4;3;Brier;2024-02-12T02:24:41.855Z
1295 NW Elford Drive, Seattle, WA 98177;11750000;ForSale;4;6;Seattle;2024-01-14T10:26:59.429Z
2910 S Rebecca St, Spokane, WA 99223;335000;ForSale;3;2;Spokane;2023-10-07T21:21:32.426Z
18930 NE 234th St, Battle Ground, WA 98604;649900;ForSale;3;2;Battle Ground;2023-12-18T04:38:33.076Z
1243 Evans Avenue W, Bremerton, WA 98312;450000;ForSale;2;2;Bremerton;2024-01-27T07:22:02.423Z
46 Lurline Ave, Victoria, BC V8Z 1H4;859900;ForSale;2;1;Victoria;2023-11-23T14:23:20.969Z
18829 E Alki Ave, Greenacres, WA 99016;460000;ForSale;4;2;Greenacres;2024-03-22T04:04:35.962Z
12811 SE 223rd Place, Kent, WA 98031;779000;ForSale;4;3;Kent;2024-03-25T15:00:02.542Z
4715 Buccaneers Rd, Southern Gulf Islands, BC V0N 2M2;570000;ForSale;1;1;Southern Gulf Islands;2024-03-11T20:52:33.267Z
2433 156th Street SW, Lynnwood, WA 98087;850000;ForSale;3;1;Lynnwood;2024-01-08T10:20:47.711Z
241 NE Collins Lake Drive, Tahuya, WA 98588;350000;ForSale;2;2;Tahuya;2023-11-17T19:20:15.065Z
4640 NE 112th Ave, Portland, OR 97220;474900;ForSale;3;3;Portland;2023-12-09T22:54:47.001Z
12724 83rd Court NE, Kirkland, WA 98034;995000;ForSale;3;3;Kirkland;2024-03-12T20:18:20.714Z
1513 Wright Ave, Richland, WA 99354;319000;ForSale;3;1;Richland;2023-11-06T16:52:43.635Z
1208 NE 65th St, Vancouver, WA 98665;449900;ForSale;3;2;Vancouver;2024-01-12T23:39:18.701Z
3217 N Ely Rd, Spokane, WA 99212;375000;ForSale;3;2;Spokane;2024-03-19T09:34:34.530Z
2708 Cedarwood Avenue, Bellingham, WA 98225;659000;ForSale;2;1;Bellingham;2024-03-15T23:14:41.835Z
16815 S Tapps Drive E, Lake Tapps, WA 98391;499950;ForSale;3;2;Lake Tapps;2023-12-28T23:15:05.473Z
714 S Silver Street, Centralia, WA 98631;344995;ForSale;2;1;Centralia;2024-02-09T12:34:44.699Z
290 Clark Creek Rd, Longview, WA 98632;234000;ForSale;3;1;Longview;2023-10-24T08:39:08.498Z
4025 NE 115th Ave, Portland, OR 97220;425000;ForSale;2;1;Portland;2023-10-30T07:28:32.674Z
3078 Colquitz Ave, Victoria, BC V9A 2M3;1059900;ForSale;4;3;Victoria;2024-02-15T22:44:35.638Z
1339 Columbia Crest Way, Kettle Falls, WA 99141;475000;ForSale;3;3;Kettle Falls;2024-03-27T23:53:27.661Z
32146 Diagonal Rd, Hermiston, OR 97838;384950;ForSale;3;2;Hermiston;2023-12-13T10:07:19.697Z
20708 119th Street Ct E, Bonney Lake, WA 98391;524990;ForSale;3;2;Bonney Lake;2023-10-26T12:43:33.813Z
21723 NE 156th Street, Woodinville, WA 98077;899990;ForSale;4;2;Woodinville;2023-12-03T13:06:23.573Z
226 Sims Ave, Victoria, BC V8Z 1K3;925000;ForSale;3;3;Victoria;2023-10-25T09:46:41.737Z
11133 N Forker Rd, Spokane, WA 99217;699000;ForSale;3;3;Spokane;2024-01-02T18:18:51.925Z
1986 Peacock Lane, Oak Harbor, WA 98277;450000;ForSale;3;2;Oak Harbor;2024-01-16T19:30:28.767Z
4435 Cowlitz Blvd, Richland, WA 99352;520900;ForSale;3;2;Richland;2023-12-06T19:09:44.728Z
1803 General Anderson Ave, Vancouver, WA 98661;400000;ForSale;3;1;Vancouver;2024-01-30T15:14:42.468Z
2359 Cookman St, Victoria, BC V8S 2X3;1350000;ForSale;4;2;Victoria;2023-12-26T14:22:13.020Z
314 Mariners Way, Southern Gulf Islands, BC V0N 2J2;699000;ForSale;4;3;Southern Gulf Islands;2024-03-26T07:03:18.928Z
7409 Myers Road, Bonney Lake, WA 98391;524950;ForSale;3;3;Bonney Lake;2023-12-01T01:11:31.403Z
312 Maliview Dr, Saltspring Island, BC V8K 1B1;819000;ForSale;2;2;Saltspring Island;2024-02-22T18:08:47.579Z
60 Palix Lane, South Bend, WA 98586;499000;ForSale;3;3;South Bend;2023-11-04T14:47:26.311Z
208 Pennsylvania Avenue, Wenatchee, WA 98801;399999;ForSale;3;2;Wenatchee;2023-11-02T22:11:00.316Z
15501 134th Place NE UNIT 21A, Woodinville, WA 98072;865000;ForSale;3;3;Woodinville;2023-12-28T05:41:08.317Z
5005 Sooke Hanger Dr, Capital, BC V9Z 1M9;849000;ForSale;0;0;Capital;2024-02-06T19:43:49.296Z
121 81st Avenue NE, Lake Stevens, WA 98258;1200000;ForSale;3;2;Lake Stevens;2023-10-24T01:56:03.738Z
3065 W Cami Ave, Post Falls, ID 83854;399000;ForSale;3;2;Post Falls;2024-03-14T17:23:51.428Z
539 W Washington St, Athena, OR 97813;329000;ForSale;5;2;Athena;2024-01-10T16:22:56.234Z
9938 NE Wygant St, Portland, OR 97220;579000;ForSale;4;2;Portland;2024-03-13T23:40:26.007Z
3901 Hobbs St, Victoria, BC V8N 4C8;1399000;ForSale;3;2;Victoria;2024-01-06T16:03:31.874Z
3201 S Rice Court, Camano Island, WA 98282;469000;ForSale;2;2;Camano Island;2024-01-05T10:14:10.714Z
8910 N Syracuse St, Portland, OR 97203;500000;ForSale;5;2;Portland;2024-01-07T20:41:46.750Z
1923 4th Street, Bremerton, WA 98337;280000;ForSale;1;1;Bremerton;2024-02-19T09:11:22.913Z
13703 Spanaway Loop S, Tacoma, WA 98444;1470000;ForSale;3;3;Tacoma;2024-03-23T15:29:29.026Z
7919 Patterson Rd, Saanichton, BC V8M 1L5;899900;ForSale;4;3;Saanichton;2024-01-12T04:02:55.903Z
40 Poplar St, Lake Cowichan, BC V0R 2G0;449000;ForSale;3;2;Lake Cowichan;2023-12-18T23:17:58.731Z
8522 SE 79th Place, Mercer Island, WA 98040;1797000;ForSale;4;4;Mercer Island;2024-02-15T07:53:27.966Z
280 Dolphin Bay Road, Orcas Island, WA 98245;5500000;ForSale;3;2;Eastsound;2024-01-22T21:15:55.584Z
11615 55th Avenue SW, Lakewood, WA 98499;649950;ForSale;4;3;Lakewood;2024-03-21T18:42:10.216Z
2721 NW Julia St, Camas, WA 98607;540000;ForSale;3;2;Camas;2023-12-21T21:18:40.372Z
960 Colonia Dr, Ladysmith, BC V9G 1N9;799900;ForSale;3;2;Ladysmith;2024-02-03T11:38:20.638Z
112 Wild Daisy Dr, Ariel, WA 98603;624900;ForSale;2;2;Ariel;2024-03-15T06:02:39.943Z
1040 SW 9th Pl, Hermiston, OR 97838;345900;ForSale;3;2;Hermiston;2024-03-25T20:44:17.558Z
4617 W Tapps Drive E, Lake Tapps, WA 98391;599999;ForSale;3;3;Lake Tapps;2024-01-01T02:33:05.487Z
114 Joppish Road, Centralia, WA 98531;250000;ForSale;3;1;Vancouver;2023-11-16T18:16:49.492Z
18909 SE 263rd Street, Covington, WA 98042;625000;ForSale;4;2;Covington;2023-10-25T09:05:18.616Z
575 S 10th St, Saint Helens, OR 97051;399900;ForSale;2;1;Saint Helens;2023-12-20T07:06:55.565Z
5713 NE 40th St, Vancouver, WA 98661;499900;ForSale;3;3;Vancouver;2023-11-26T04:46:59.516Z
10918 NE Highway 99 UNIT 41, Vancouver, WA 98686;240000;ForSale;4;2;Vancouver;2024-02-28T08:53:35.150Z
58848 Parkwood Dr, Saint Helens, OR 97051;450000;ForSale;4;3;Saint Helens;2023-11-25T15:48:25.093Z
5902-5904 Johnson Rd, Pullman, WA 99163;799000;ForSale;7;2;Pullman;2024-03-22T18:12:37.598Z
4793 N. Golf Course Drive, Blaine, WA 98230;519000;ForSale;3;2;Blaine;2023-11-22T14:00:30.245Z
1259 Maralee Ln Lane, Bellingham, WA 98226;667000;ForSale;3;2;Bellingham;2023-12-11T11:56:45.580Z
4061 Cowichan Lake Rd, Duncan, BC V9L 6J9;799900;ForSale;2;2;Duncan;2024-01-13T19:26:58.274Z
4981 E 26th Drive, Bellingham, WA 98226;995000;ForSale;3;2;Bellingham;2023-11-24T03:03:25.115Z
2010 W Cleveland Ave, Spokane, WA 99205;325000;ForSale;4;1;Spokane;2024-01-01T11:41:03.532Z
1603 W Marie St, Pasco, WA 99301;410000;ForSale;3;2;Pasco;2023-11-07T07:08:38.486Z
8522 E Rowan Ln, Spokane, WA 99217;475000;ForSale;4;3;Spokane;2023-10-24T12:08:11.122Z
4325 Foothills Court, Bellingham, WA 98226;749950;ForSale;4;2;Bellingham;2023-12-24T21:47:16.933Z
1630 E Olympic Ave, Spokane, WA 99207;260000;ForSale;1;1;Spokane;2023-12-03T15:39:26.453Z
231 Hansen Road, Woodland, WA 98674;550000;ForSale;3;1;Woodland;2024-04-05T14:19:15.087Z
165 NE Morgan St, Portland, OR 97211;549000;ForSale;3;2;Portland;2024-03-23T00:53:58.947Z
4545 NE Totten Road, Poulsbo, WA 98370;825000;ForSale;3;3;Poulsbo;2023-12-03T13:03:02.119Z
1110 Wright Ave, Richland, WA 99354;365000;ForSale;4;2;Richland;2024-02-02T19:18:38.965Z
10110 NE 87th Ave, Vancouver, WA 98662;499000;ForSale;3;2;Vancouver;2023-10-08T18:25:05.007Z
944 N Lafayette Avenue, Bremerton, WA 98312;299900;ForSale;3;2;Bremerton;2023-10-26T17:22:15.834Z
3606 NE Alameda St, Portland, OR 97212;799000;ForSale;5;3;Portland;2023-12-18T17:08:50.455Z
2317 W Everett Ave, Spokane, WA 99205;315000;ForSale;4;1;Spokane;2023-11-20T07:25:43.702Z
82461 Maple Rd, Seaside, OR 97138;375000;ForSale;3;2;Seaside;2024-02-22T11:21:00.096Z
8007 NE 205th Street, Kenmore, WA 98028;1000000;ForSale;3;3;Kenmore;2024-01-01T17:29:58.553Z
4809 Edgeworth Drive SE, Olympia, WA 98501;520000;ForSale;3;2;Olympia;2023-12-16T10:52:08.831Z
4611 S Bella Vista Dr, Veradale, WA 99037;888800;ForSale;4;4;Veradale;2023-12-14T01:21:48.950Z
13708 Otter Court SE, Rainier, WA 98576;400000;ForSale;2;1;Rainier;2024-01-28T04:24:25.606Z
6918 Red Ridge Drive, Lynden, WA 98264;899999;ForSale;5;2;Lynden;2023-12-23T19:47:27.353Z
612 9th Avenue N, Edmonds, WA 98020;1200000;ForSale;4;2;Edmonds;2023-10-15T22:04:11.734Z
4115 NE 66th Ave, Portland, OR 97218;529000;ForSale;3;1;Portland;2024-02-14T17:19:12.181Z
79567 Quincy Mayger Rd, Clatskanie, OR 97016;399000;ForSale;3;1;Clatskanie;2023-12-13T13:41:39.705Z
30 Madrona Place, Dupont, WA 98327;575000;ForSale;3;3;Dupont;2024-01-05T07:37:20.481Z
537 Quail Loop, Newport, WA 99156;409950;ForSale;3;2;Newport;2023-11-25T06:51:28.964Z
3705 Bosuns Ct, Pender Island, BC V0N 2M2;829000;ForSale;4;4;Pender Island;2023-12-26T07:14:58.825Z
1626 Huson Drive, Tacoma, WA 98405;725000;ForSale;5;2;Tacoma;2024-03-10T13:05:41.789Z
9706 S 212th Avenue, Kent, WA 98031;600000;ForSale;4;3;Kent;2024-02-16T08:14:04.676Z
3702 W 22nd Ave, Kennewick, WA 99338;439000;ForSale;3;2;Kennewick;2023-12-24T00:29:50.168Z
114 E Hoffman Ave, Spokane, WA 99207;314999;ForSale;3;2;Spokane;2024-01-31T15:20:12.402Z
2113 Aurora Avenue N, Seattle, WA 98109;750000;ForSale;4;4;Seattle;2023-10-09T05:58:04.036Z
3829 Green Mountain Road NE, Bremerton, WA 98312;500000;ForSale;4;3;Bremerton;2024-03-06T14:38:32.033Z
1191 Blaine Avenue, Blaine, WA 98230;595000;ForSale;4;2;Blaine;2024-02-02T18:46:53.401Z
6855 N Rochester St, Portland, OR 97203;525000;ForSale;4;2;Portland;2024-03-24T20:29:24.275Z
1965 Westside Highway UNIT 110, Kelso, WA 98626;125000;ForSale;2;2;Kelso;2023-12-18T19:35:02.731Z
3725 60th St Ct, Gig Harbor, WA 98335;625000;ForSale;3;2;Gig Harbor;2023-10-19T16:33:10.237Z
2716 Northport Flat Creek Rd, Kettle Falls, WA 99141;975000;ForSale;4;3;Kettle Falls;2023-10-31T08:44:29.674Z
3004 Orange Court, Winlock, WA 98596;339900;ForSale;3;2;Winlock;2024-03-14T19:18:30.658Z
209 F Street, Zillah, WA 98953;258500;ForSale;2;1;Zillah;2023-11-18T20:25:58.569Z
1418 S 94th Street, Tacoma, WA 98444;400000;ForSale;2;1;Tacoma;2024-01-25T10:12:19.816Z
1503 W 44th Pl, Kennewick, WA 99337;439000;ForSale;3;2;Kennewick;2024-03-23T17:08:10.249Z
2822 Greendale Drive SE, Port Orchard, WA 98366;389500;ForSale;3;1;Pt Orchard;2024-02-14T07:58:10.908Z
531 N Bridgeton Rd, Portland, OR 97217;340000;ForSale;3;2;Portland;2023-12-09T00:31:31.021Z
493 N Brushwood Ct, Post Falls, ID 83854;400000;ForSale;3;2;Post Falls;2024-04-02T23:56:03.504Z
9907 N Van Houten Ave, Portland, OR 97203;375000;ForSale;3;1;Portland;2024-02-03T18:15:32.584Z
717 E 2nd Avenue, Odessa, WA 99159;250000;ForSale;3;2;Odessa;2024-01-21T05:03:21.752Z
13505 NE Grantham Rd, Amboy, WA 98601;1100000;ForSale;4;2;Amboy;2024-02-17T23:36:35.292Z
487 Olympic Ridge Rd, Sequim, WA 98382;1499950;ForSale;3;3;Sequim;2023-10-20T15:46:53.492Z
220 W Lovett Street, Aberdeen, WA 98520;115000;ForSale;1;1;Aberdeen;2024-01-28T17:41:06.265Z
20 Cove Way, Brinnon, WA 98320;350000;ForSale;2;2;Brinnon;2024-01-30T15:37:59.547Z
2146 Deerbrush Cres, North Saanich, BC V8L 0C5;1098000;ForSale;3;3;North Saanich;2024-04-03T09:00:54.891Z
14328 Phinney Avenue N, Seattle, WA 98133;828800;ForSale;2;3;Seattle;2024-04-03T03:28:55.742Z
21100 NW Reeder Rd, Portland, OR 97231;1300000;ForSale;3;2;Portland;2023-11-14T19:37:30.708Z
10205 NE 339th St, La Center, WA 98629;950000;ForSale;4;3;La Center;2023-11-29T13:16:52.270Z
21702 116th Street E, Bonney Lake, WA 98391;540000;ForSale;3;3;Bonney Lake;2024-01-29T11:11:31.491Z
304 N 6th St, Cheney, WA 99004;358000;ForSale;3;2;Cheney;2023-10-18T01:47:39.778Z
248 N Cascade Street, Buckley, WA 98321;399950;ForSale;4;2;Buckley;2023-10-23T08:13:16.121Z
10995 Potts Road, Sedro Woolley, WA 98284;800000;ForSale;3;2;Sedro Woolley;2024-02-15T22:19:52.573Z
3115 W Providence Ave, Spokane, WA 99205;475000;ForSale;4;2;Spokane;2023-11-22T23:21:54.985Z
4554 14th Avenue SE, Lacey, WA 98503;309000;ForSale;2;1;Lacey;2024-02-21T14:47:25.577Z
3274 N Arlington Pl, Portland, OR 97217;484900;ForSale;3;3;Portland;2024-02-13T06:57:32.470Z
1183 Grove St, Vernonia, OR 97064;355950;ForSale;3;2;Vernonia;2024-03-03T03:22:44.482Z
641 23rd Ave, Lewiston, ID 83501;425000;ForSale;2;3;Lewiston;2023-11-18T00:53:51.001Z
1122 N 22nd Ave, Yakima, WA 98902;209000;ForSale;2;1;Yakima;2024-03-30T17:48:51.396Z
29014 111th Avenue SE, Auburn, WA 98092;655000;ForSale;3;2;Auburn;2024-02-03T16:33:14.179Z
1325 E 23rd Ave, Kennewick, WA 99337;565000;ForSale;3;2;Kennewick;2024-04-04T08:48:24.444Z
9009 W Westbow Blvd, Spokane, WA 99224;320000;ForSale;4;1;Spokane;2024-01-30T06:18:43.006Z
5400 25th Avenue SW, Seattle, WA 98106;595000;ForSale;2;2;Seattle;2023-10-16T15:53:46.077Z
7045 N Crestline St, Spokane, WA 99217;320000;ForSale;3;1;Spokane;2024-01-31T02:49:47.618Z
3003 42nd Street, Gig Harbor, WA 98335;725000;ForSale;4;3;Gig Harbor;2023-12-04T08:31:41.850Z
3314 E 62nd Ave, Spokane, WA 99223;485000;ForSale;4;3;Spokane;2024-02-08T00:47:51.828Z
15205 E 22nd Ct, Veradale, WA 99037;589900;ForSale;4;4;Veradale;2023-12-03T11:30:49.970Z
291 Landers Lane, Cle Elum, WA 98922;699999;ForSale;3;3;Cle Elum;2024-01-03T01:12:12.509Z
119 Glacier Peak Drive, Camano Island, WA 98282;1199000;ForSale;3;3;Camano Island;2024-01-16T16:15:36.665Z
2411 N Settlement Trl, Post Falls, ID 83854;395000;ForSale;2;2;Post Falls;2024-01-19T03:09:08.660Z
17424 55th Place W, Lynnwood, WA 98037;469950;ForSale;5;4;Lynnwood;2024-04-01T18:16:57.314Z
803 102nd Street S, Tacoma, WA 98444;444999;ForSale;2;2;Tacoma;2024-01-15T04:44:55.064Z
2406 SE Balboa Drive, Vancouver, WA 98683;449900;ForSale;2;2;Vancouver;2024-02-14T03:22:15.606Z
9402 N Woolsey Ave, Portland, OR 97203;415000;ForSale;3;2;Portland;2024-01-21T11:02:51.900Z
7996 Greendale Rd, Lake Cowichan, BC V0R 2G1;1179000;ForSale;5;3;Lake Cowichan;2023-10-22T12:52:28.813Z
11 W Parkway Street, Omak, WA 98841;425000;ForSale;3;2;Omak;2023-10-08T01:25:08.564Z
2550 Thorndyke Avenue W UNIT 404, Seattle, WA 98199;549900;ForSale;3;2;Seattle;2023-11-13T11:03:04.885Z
14713 NE 144th St, Brush Prairie, WA 98606;2695000;ForSale;5;6;Brush Prairie;2023-11-17T12:18:05.432Z
1020 Ocean Beach Road, Hoquiam, WA 98550;235000;ForSale;2;1;Hoquiam;2023-10-10T08:51:37.706Z
262 SW 2nd Street, Chehalis, WA 98532;425000;ForSale;3;2;Chehalis;2024-01-31T17:46:41.548Z
5521 N Walnut St, Spokane, WA 99205;330000;ForSale;4;2;Spokane;2023-10-13T20:18:52.177Z
5329 202nd Place SW, Lynnwood, WA 98036;765000;ForSale;4;2;Lynnwood;2023-11-22T11:23:50.931Z
5600 Oasis St, West Richland, WA 99353;480000;ForSale;3;2;West Richland;2024-01-22T14:36:37.851Z
12513 NW 17th Ave, Vancouver, WA 98685;550000;ForSale;3;3;Vancouver;2023-12-12T03:34:13.897Z
33219 26th Avenue SW, Federal Way, WA 98023;529950;ForSale;4;1;Federal Way;2023-12-08T12:42:05.990Z
11501 25th Street NE, Lake Stevens, WA 98258;849000;ForSale;5;3;Lake Stevens;2024-03-27T19:56:30.728Z
9111 52nd Drive NE, Marysville, WA 98270;479950;ForSale;2;2;Marysville;2023-10-15T19:38:16.257Z
9783 Dan Street, La Conner, WA 98257;1100000;ForSale;2;3;La Conner;2024-01-11T05:58:06.841Z
8810 E Parkside Ln, Spokane, WA 99217;460000;ForSale;3;2;Spokane;2023-10-08T12:26:55.635Z
26450 NE 70 Street, Redmond, WA 98053;2790000;ForSale;3;3;Redmond;2024-03-12T23:41:40.832Z
16508 SE 268th Street, Covington, WA 98042;1200000;ForSale;3;3;Covington;2023-12-22T15:45:26.872Z
11308 E Ferret Dr, Spokane, WA 99206;525000;ForSale;5;3;Spokane;2024-03-13T13:30:47.551Z
1902 E Desmet Ave, Spokane, WA 99202;285000;ForSale;2;2;Spokane;2024-03-02T16:17:22.313Z
995 Terrace Ave, Victoria, BC V8S 3V2;2450000;ForSale;4;3;Victoria;2024-01-08T05:39:33.048Z
3022 W 17th Ave, Spokane, WA 99224;309000;ForSale;2;1;Spokane;2023-12-24T18:44:05.339Z
1608 Church Street, Kelso, WA 98626;399000;ForSale;3;2;Kelso;2023-11-30T23:14:41.829Z
13018 NE 16th St, Vancouver, WA 98684;524900;ForSale;3;2;Vancouver;2024-03-04T07:30:01.846Z
14418 141st Street E, Orting, WA 98360;549950;ForSale;3;3;Orting;2023-10-18T20:03:38.639Z
1903 E 12th Ave, Spokane, WA 99202;450000;ForSale;3;2;Spokane;2024-02-20T08:58:26.286Z
34900 Military Road S, Auburn, WA 98001;549950;ForSale;3;2;Auburn;2023-11-07T09:33:40.318Z
33871 NE Blossom Dr, Scappoose, OR 97056;398500;ForSale;2;1;Scappoose;2023-10-08T05:05:47.173Z
64 School Rd, Eltopia, WA 99330;325000;ForSale;3;2;Eltopia;2023-12-13T05:33:15.273Z
1201 Brookstone Drive, Bellingham, WA 98229;1000000;ForSale;3;2;Bellingham;2024-03-30T00:51:45.458Z
18217 NE 175th Place, Woodinville, WA 98072;940000;ForSale;3;3;Woodinville;2024-04-03T15:03:32.334Z
175 Annabelle St, Castle Rock, WA 98611;747000;ForSale;4;2;Castle Rock;2024-01-25T19:06:50.690Z
4345 NE 107th Ave, Portland, OR 97220;575000;ForSale;3;3;Portland;2023-11-23T04:05:36.651Z
19920 Linden Avenue N, Shoreline, WA 98133;499000;ForSale;2;1;Shoreline;2024-03-10T11:17:50.167Z
5521 Fern Avenue NE, Bremerton, WA 98311;484500;ForSale;2;2;Bremerton;2024-01-02T11:32:38.811Z
70873 Schroeder Rd, Pendleton, OR 97801;875000;ForSale;3;3;Pendleton;2024-04-01T23:56:42.386Z
21213 3rd Avenue W, Bothell, WA 98021;775000;ForSale;4;2;Bothell;2023-11-10T11:36:29.759Z
4516 NE Wygant St, Portland, OR 97218;218400;ForSale;2;2;Portland;2023-12-07T19:18:06.130Z
41880 NW Lippert Ln, Forest Grove, OR 97116;650000;ForSale;3;4;Forest Grove;2023-10-26T12:50:18.335Z
5435 Whispering Ridge Drive, Wenatchee, WA 98801;950000;ForSale;3;3;Wenatchee;2023-11-29T08:05:26.358Z
50350 Cowens Rd SLIP 7, Scappoose, OR 97056;319000;ForSale;2;1;Scappoose;2023-12-01T15:47:52.564Z
1409 S Girard St, Spokane, WA 99212;450000;ForSale;3;2;Spokane;2024-01-17T14:27:39.766Z
11003 Palatine Avenue N, Seattle, WA 98133;775000;ForSale;2;2;Seattle;2023-11-24T08:23:49.982Z
2695 Lansdowne Rd, Victoria, BC V8R 3P4;4790000;ForSale;4;5;Victoria;2023-10-15T12:53:03.634Z
10912 151st Street E, Puyallup, WA 98374;575000;ForSale;4;3;Puyallup;2024-02-20T01:25:22.770Z
3235 NW Skyline Blvd, Portland, OR 97229;819000;ForSale;4;4;Portland;2023-11-01T16:28:12.703Z
12822 E Marginal Way, Tukwila, WA 98168;449999;ForSale;3;1;Tukwila;2024-03-31T10:46:11.448Z
12217 214th Street E, Graham, WA 98338;1175000;ForSale;4;3;Graham;2023-11-04T05:40:10.677Z
8735 NE 43rd Pl, Vancouver, WA 98665;449900;ForSale;3;3;Vancouver;2023-12-20T06:10:59.240Z
1906 NW 98th St, Vancouver, WA 98665;485000;ForSale;3;2;Vancouver;2024-04-01T05:11:50.694Z
2309 S Royal Ct, Ridgefield, WA 98642;900000;ForSale;3;3;Ridgefield;2024-02-23T01:48:05.390Z
5712 227th Street E, Spanaway, WA 98387;400000;ForSale;4;3;Spanaway;2024-01-07T16:55:05.689Z
13327 E Guthrie Dr, Spokane, WA 99216;715000;ForSale;8;8;Spokane;2023-10-16T07:23:46.924Z
280 Douglas St #205, Victoria, BC V8V 2P2;525000;ForSale;1;1;Victoria;2023-12-27T12:01:15.674Z
1801 Weatherswood Drive NW, Gig Harbor, WA 98335;1175000;ForSale;3;2;Gig Harbor;2024-03-01T22:21:54.035Z
2405 116th Avenue NE, Lake Stevens, WA 98258;924999;ForSale;3;3;Lake Stevens;2024-03-16T11:53:47.975Z
16000 NE 7th St, Vancouver, WA 98684;450000;ForSale;3;2;Vancouver;2024-02-02T06:16:37.996Z
206 172nd Street NW, Arlington, WA 98223;950000;ForSale;4;3;Arlington;2023-11-08T04:03:26.002Z
654 Quail Run Rd, Port Angeles, WA 98362;600000;ForSale;2;3;Port Angeles;2024-03-07T02:51:49.042Z
80419 E Highway 82, Wallowa, OR 97885;695000;ForSale;3;2;Wallowa;2023-11-23T03:50:02.890Z
3347 SE Riverwood Ln, Vancouver, WA 98683;6500000;ForSale;4;5;Vancouver;2023-12-07T10:26:22.375Z
614 N Hydra Pl #A, Post Falls, ID 83854;315000;ForSale;3;3;Post Falls;2023-11-12T22:53:35.272Z
270 17th Avenue, Longview, WA 98632;239900;ForSale;2;1;Longview;2023-10-10T16:05:51.708Z
27231 316th Way SE, Ravensdale, WA 98051;2395000;ForSale;4;5;Ravensdale;2023-10-23T22:48:20.410Z
4511 E 14th Ave, Spokane, WA 99212;524900;ForSale;3;2;Spokane;2024-03-23T03:54:09.713Z
6825 S Yakima Avenue, Tacoma, WA 98408;474999;ForSale;4;2;Tacoma;2023-12-17T15:07:43.270Z
2123 24th Street SE, Puyallup, WA 98372;649950;ForSale;3;3;Puyallup;2024-03-21T15:58:17.689Z
427 Mad River Road, Entiat, WA 98822;498000;ForSale;2;1;Entiat;2023-11-06T18:29:46.634Z
8901 164th Street E, Puyallup, WA 98375;640000;ForSale;4;2;Puyallup;2023-11-13T10:33:26.509Z
2570 Prestwick Dr, Richland, WA 99354;359900;ForSale;2;2;Richland;2023-11-13T13:06:13.440Z
1200 Boylston Avenue UNIT 900, Seattle, WA 98101;550000;ForSale;2;2;Seattle;2024-03-15T18:10:17.663Z
611 Foul Bay Rd, Victoria, BC V8S 4H2;3750000;ForSale;6;5;Victoria;2024-01-09T19:59:48.200Z
3708 Lantana Dr, Pasco, WA 99301;470000;ForSale;3;2;Pasco;2024-03-12T09:17:50.969Z
1411 E Slaton Ln, Deer Park, WA 99006;475000;ForSale;3;2;Deer Park;2023-12-06T15:13:43.584Z
4050 21 Avenue SW, Seattle, WA 98106;625000;ForSale;4;1;Seattle;2023-11-20T18:56:43.516Z
9117 S Crestview Rd, Spokane, WA 99224;1349900;ForSale;4;4;Spokane;2023-12-09T17:36:23.472Z
437 E 2nd Ave, Colville, WA 99114;300000;ForSale;2;1;Colville;2024-01-12T17:54:55.339Z
10326 E Moffat Rd, Mead, WA 99021;2490000;ForSale;5;4;Mead;2024-02-22T20:30:39.530Z
4201 NE 105th St, Vancouver, WA 98686;395000;ForSale;3;2;Vancouver;2023-12-22T01:15:46.583Z
7002 N Adams St, Spokane, WA 99208;389950;ForSale;3;2;Spokane;2024-01-16T20:04:48.210Z
433 Battie Dr, Ladysmith, BC V9G 1V5;889900;ForSale;5;4;Ladysmith;2023-10-24T05:46:04.588Z
22321 Bluewater Drive SE, Yelm, WA 98597;400000;ForSale;3;2;Yelm;2024-03-27T19:51:11.507Z
920 13th Ave, Seaside, OR 97138;439000;ForSale;3;2;Seaside;2023-11-08T16:48:51.239Z
32880 Pittsburg Rd, Saint Helens, OR 97051;650000;ForSale;3;2;Saint Helens;2024-03-28T19:58:46.121Z
9721 Fremont Avenue N, Seattle, WA 98103;675000;ForSale;3;1;Seattle;2024-03-10T20:00:22.454Z
240 SW James, Chehalis, WA 98532;359000;ForSale;3;1;Chehalis;2023-10-15T16:48:07.021Z
20521 14th Avenue W, Lynnwood, WA 98036;879950;ForSale;4;3;Lynnwood;2023-12-04T10:01:18.099Z
186 South Ridge Road, Decatur Island, WA 98221;735000;ForSale;1;1;Decatur Island;2023-11-23T12:18:54.310Z
7814 N Ash Ln, Spokane, WA 99208;525000;ForSale;5;3;Spokane;2024-02-03T20:11:59.890Z
906 Glenning Street, Lynden, WA 98264;600000;ForSale;3;2;Lynden;2024-02-19T14:08:30.707Z
8310 E State Route 106, Union, WA 98402;649990;ForSale;2;1;Union;2023-11-06T14:39:45.965Z
9515 Sand Point Way NE, Seattle, WA 98115;1700000;ForSale;5;4;Seattle;2024-03-18T14:58:46.865Z
908 Russell St #1, Victoria, BC V9A 3X9;675000;ForSale;2;1;Victoria;2023-11-10T05:32:19.639Z
6703 N Winston Dr, Spokane, WA 99208;465000;ForSale;5;3;Spokane;2023-12-02T11:22:03.389Z
184 Dogleg Lane, Port Ludlow, WA 98365;695000;ForSale;2;3;Port Ludlow;2023-11-29T23:25:14.192Z
17008 E Daybreak Ln, Greenacres, WA 99016;874900;ForSale;5;4;Greenacres;2024-03-02T10:56:06.164Z
1115 Rockland Ave #405, Victoria, BC V8V 3H8;499900;ForSale;2;2;Victoria;2024-01-15T05:17:17.029Z
2019 Birch Ave, Lewiston, ID 83501;429000;ForSale;3;3;Lewiston;2024-01-09T23:09:31.721Z
1959 N Holl Blvd, Liberty Lake, WA 99016;499000;ForSale;3;2;Liberty Lake;2023-11-10T09:05:24.469Z
7631 188th Street SE, Snohomish, WA 98296;725000;ForSale;3;2;Snohomish;2023-12-07T07:25:26.010Z
3617 E 19th Ave, Spokane, WA 99223;429000;ForSale;3;2;Spokane;2024-03-18T17:39:20.483Z
15740 1st Avenue NW, Shoreline, WA 98177;789000;ForSale;4;2;Shoreline;2024-02-18T03:28:11.864Z
7910 S Rye Rd, Cheney, WA 99004;380000;ForSale;3;2;Cheney;2024-02-13T23:03:08.032Z
2850 Aldwynd Rd #402, Victoria, BC V9B 3S7;619000;ForSale;2;2;Victoria;2024-04-03T23:18:40.411Z
238 Skyline Drive, Edmonds, WA 98020;2500000;ForSale;4;3;Edmonds;2023-10-27T05:56:58.609Z
17830 126th Street E UNIT 27, Bonney Lake, WA 98391;674950;ForSale;3;3;Bonney Lake;2024-03-11T12:45:03.015Z
2264 C Scott Road, Rice, WA 99167;490500;ForSale;2;1;Rice;2023-11-04T16:02:43.280Z
2008 Macs Place, Entiat, WA 98822;399000;ForSale;3;2;Entiat;2023-12-04T10:03:05.783Z
16800 NE Caples Road, Battle Ground, WA 98604;899900;ForSale;5;3;Battle Ground;2023-11-25T01:06:13.290Z
5601 Thornbury Drive SE, Lacey, WA 98513;539999;ForSale;4;3;Lacey;2024-01-16T09:14:40.390Z
7085 N Woolsey Ave, Portland, OR 97203;659000;ForSale;4;2;Portland;2024-01-14T05:24:02.799Z
816 S 17th Ave, Yakima, WA 98902;369000;ForSale;5;2;Yakima;2023-11-28T10:26:46.969Z
1131 Deeringhoff Rd, Moxee, WA 98936;315000;ForSale;3;2;Moxee;2024-03-10T07:27:28.531Z
2325 Eisenhower Avenue SE, Port Orchard, WA 98366;385000;ForSale;3;1;Pt Orchard;2024-03-22T21:45:22.223Z
440 E Bunker Ave, Post Falls, ID 83854;564900;ForSale;3;2;Post Falls;2024-03-03T00:24:54.694Z
11611 52nd Avenue Ct NW, Gig Harbor, WA 98332;1300000;ForSale;3;4;Gig Harbor;2024-01-22T17:08:15.749Z
609 E Dalke Ave, Spokane, WA 99208;439900;ForSale;5;2;Spokane;2024-01-26T14:26:29.467Z
10019 Angle Lane SW, Lakewood, WA 98498;499999;ForSale;3;3;Lakewood;2024-02-18T23:47:32.722Z
7363 Walton Rd, Cowichan Valley, BC V0R 1Y0;1299900;ForSale;3;2;Cowichan Valley;2024-01-21T12:57:25.536Z
18705 68th Street E, Bonney Lake, WA 98391;1099000;ForSale;5;4;Bonney Lake;2024-01-04T13:40:00.397Z
14403 448th Avenue SE, North Bend, WA 98045;820000;ForSale;2;1;North Bend;2023-11-30T11:12:10.352Z
7220 NE 70th St, Vancouver, WA 98662;519900;ForSale;4;3;Vancouver;2023-12-21T07:46:53.283Z
520 NE 128th Ave, Vancouver, WA 98684;408000;ForSale;3;2;Vancouver;2023-11-03T19:42:30.328Z
1401 S Ash St, Spokane, WA 99203;625000;ForSale;4;3;Spokane;2024-02-29T18:07:02.177Z
6304 Knightsbridge Ln, Pasco, WA 99301;410000;ForSale;3;2;Pasco;2023-12-28T19:03:59.510Z
3511 W Princeton Ave, Spokane, WA 99205;390000;ForSale;5;2;Spokane;2023-11-05T21:17:11.320Z
2245 E Warbler Ln, Post Falls, ID 83854;539000;ForSale;4;3;Post Falls;2024-04-05T19:18:44.300Z
16256 Kamb Road, Mount Vernon, WA 98273;649950;ForSale;3;2;Mount Vernon;2023-12-13T05:00:03.841Z
1714 SW 25th Circle, Battle Ground, WA 98604;1350000;ForSale;3;4;Battle Ground;2023-11-06T19:01:10.917Z
6423 Cedar Terrace Lane NW, Bremerton, WA 98312;749950;ForSale;5;3;Bremerton;2024-01-13T08:48:41.535Z
71 N Mt Tebo Way, Hoodsport, WA 98548;497500;ForSale;2;1;Hoodsport;2024-02-13T20:29:18.638Z
6612 E B Street, Tacoma, WA 98404;620000;ForSale;5;3;Tacoma;2023-11-03T09:36:46.559Z
8110 119th Street E, Puyallup, WA 98373;850000;ForSale;4;3;Puyallup;2024-01-17T03:46:18.062Z
10220 W 10th Ave, Spokane, WA 99224;409000;ForSale;2;2;Spokane;2023-12-25T15:46:23.383Z
1112 S Oakes St., Tacoma, WA 98405;399950;ForSale;2;1;Tacoma;2024-01-03T20:06:26.256Z
20401 NE 267th St, Battle Ground, WA 98604;1300000;ForSale;5;4;Battle Ground;2024-03-05T03:39:04.160Z
3375 Crossbill Ter, Victoria, BC V9C 0J9;749900;ForSale;3;3;Victoria;2023-11-15T09:07:32.911Z
5902 Johnson Rd, Pullman, WA 99163;450000;ForSale;4;1;Pullman;2024-03-24T09:53:42.654Z
5419 NE 68th Ave, Vancouver, WA 98661;400000;ForSale;3;3;Vancouver;2024-03-15T08:38:42.758Z
7221 Deer Valley Rd, Newport, WA 99156;550000;ForSale;3;3;Newport;2023-11-07T18:24:35.160Z
625 Canal Drive NE, Ocean Shores, WA 98569;479950;ForSale;3;2;Ocean Shores;2023-11-04T14:40:03.823Z
36 Nancy Creek Rd, Kettle Falls, WA 99141;249900;ForSale;3;2;Kettle Falls;2024-02-13T11:02:30.014Z
3111 140th Street NW, Marysville, WA 98271;999000;ForSale;3;3;Marysville;2023-12-02T18:30:26.441Z
14723 96th Street E, Puyallup, WA 98372;440000;ForSale;3;3;Puyallup;2024-01-06T16:53:18.139Z
13201 NE 99th Way, Vancouver, WA 98682;435000;ForSale;2;2;Vancouver;2023-11-07T08:43:37.960Z
1140 Browns Point Boulevard UNIT 5, Tacoma, WA 98422;360000;ForSale;2;2;Tacoma;2023-12-08T20:55:40.505Z
195116 E Bowles Rd, Kennewick, WA 99337;149000;ForSale;3;2;Kennewick;2024-01-07T23:12:57.985Z
16025 N Camas Ln, Mead, WA 99021;774900;ForSale;4;3;Mead;2023-11-08T02:59:14.181Z
602 NW 18th Loop, Camas, WA 98607;1025000;ForSale;4;4;Camas;2024-03-10T21:52:20.828Z
1280 Newport Ave #101, Oak Bay, BC V8S 5E7;950000;ForSale;2;2;Oak Bay;2024-03-08T02:10:21.580Z
1707 196th Avenue SE, Sammamish, WA 98075;1190000;ForSale;3;3;Sammamish;2024-03-29T04:49:54.055Z
2097 Otter Point Rd, Sooke, BC V9Z 0H2;999500;ForSale;2;1;Sooke;2024-01-10T20:40:01.873Z
2807 113th Avenue NE, Lake Stevens, WA 98258;599999;ForSale;3;2;Lake Stevens;2024-03-22T17:14:53.231Z
5639 Cedar Flats Road SW, Olympia, WA 98512;1595000;ForSale;4;4;Olympia;2023-11-09T04:12:37.540Z
18729 SE 268th Street, Covington, WA 98042;465000;ForSale;3;1;Covington;2023-11-02T13:13:37.856Z
421 Umatilla Drive, La Conner, WA 98257;655000;ForSale;3;2;La Conner;2024-01-26T19:14:19.845Z
445 Paradise Road, Lopez Island, WA 98261;6750000;ForSale;5;8;Lopez Island;2024-02-27T10:58:32.299Z
8727 N Seward Ave, Portland, OR 97217;440000;ForSale;3;1;Portland;2024-01-23T12:20:12.668Z
924 Gunn Road, Port Angeles, WA 98362;875000;ForSale;3;3;Port Angeles;2024-02-01T22:18:58.172Z
112 Heather Cir, Port Angeles, WA 98362;340000;ForSale;3;2;Port Angeles;2024-02-28T21:32:23.546Z
2326 Harbour Rd #206, Sidney, BC V8L 2P8;687000;ForSale;1;1;Sidney;2023-11-27T12:10:06.828Z
5835 Banks Rd, Duncan, BC V9L 1L3;649900;ForSale;2;2;Duncan;2024-01-05T14:39:36.390Z
6119 E F Street, Tacoma, WA 98404;440000;ForSale;3;1;Tacoma;2023-12-03T10:30:13.518Z
205 Caspian Dr, Colwood, BC V9C 0P9;1198000;ForSale;3;3;Colwood;2024-02-18T04:02:24.105Z
16215 E 10th Ln, Spokane Valley, WA 99037;620000;ForSale;5;3;Spokane Valley;2023-12-07T09:40:59.533Z
2217 NE 110th St, Vancouver, WA 98686;479999;ForSale;3;3;Vancouver;2023-12-13T20:25:02.364Z
271 Quad Drive, Cle Elum, WA 98922;998500;ForSale;3;3;Cle Elum;2024-01-13T10:47:57.667Z
8242 Gillies Road, Everson, WA 98247;379000;ForSale;3;2;Everson;2023-10-12T21:05:08.891Z
245 N Spangle Ave, Spangle, WA 99031;385000;ForSale;3;2;Spangle;2024-01-06T00:25:07.170Z
4919 Jim Street, Seaview, WA 98644;1250000;ForSale;3;2;Seaview;2023-11-03T03:17:58.260Z
2315 W Central Ave, Spokane, WA 99205;349900;ForSale;3;2;Spokane;2024-03-09T21:30:50.566Z
1813 W Pinto Rd, Colbert, WA 99005;350000;ForSale;3;2;Colbert;2023-11-05T07:54:37.994Z
1615 W Kiernan Ave, Spokane, WA 99205;380000;ForSale;4;3;Spokane;2024-02-15T02:52:45.539Z
104 Lake Creek Drive, Packwood, WA 98361;699950;ForSale;3;2;Packwood;2023-11-11T11:20:46.852Z
811 Nooksack Avenue, Nooksack, WA 98276;365000;ForSale;2;1;Nooksack;2023-10-25T13:04:10.151Z
102 Deer Trails Way, Sequim, WA 98382;535000;ForSale;3;2;Sequim;2024-03-28T06:46:40.162Z
2265 Baron Rd, Cobble Hill, BC V0R 1L6;1090000;ForSale;4;3;Cobble Hill;2024-04-04T06:42:54.213Z
12660 Shorewood Drive SW, Burien, WA 98146;2095000;ForSale;4;4;Seattle;2024-03-30T06:33:04.035Z
4631 NE 19th Ave, Portland, OR 97211;549900;ForSale;2;3;Portland;2023-10-26T23:20:05.263Z
805 S Shelley Lake Ln, Veradale, WA 99037;799000;ForSale;4;3;Veradale;2024-01-18T19:02:22.521Z
7509 Sunset Drive, Blaine, WA 98230;324900;ForSale;2;1;Blaine;2023-11-20T16:07:36.580Z
5812 S Pittsburg St, Spokane, WA 99223;439990;ForSale;3;3;Spokane;2024-03-06T01:50:24.263Z
119 178th Avenue E, Lake Tapps, WA 98391;870000;ForSale;3;2;Lake Tapps;2023-10-12T04:26:52.568Z
128 Tulip Ln, Woodland, WA 98674;949900;ForSale;4;3;Woodland;2024-03-19T13:31:11.036Z
4627 NE 19th Ave, Portland, OR 97211;539900;ForSale;2;3;Portland;2024-01-21T06:12:17.307Z
4310 W 28th Ave, Spokane, WA 99224;675000;ForSale;6;3;Spokane;2024-04-05T17:57:00.140Z
7002 N Mercer Way, Mercer Island, WA 98040;33900000;ForSale;5;8;Mercer Island;2024-03-31T11:22:49.021Z
1751 Conestoga St, Moscow, ID 83843;598500;ForSale;3;2;Moscow;2024-03-02T13:22:57.809Z
6934 Liverpool Court NE, Bremerton, WA 98311;525000;ForSale;3;3;Bremerton;2023-11-30T14:51:17.466Z
1515 Keating Cross Rd #10, Saanichton, BC V8M 1W9;809900;ForSale;4;2;Saanichton;2023-12-09T05:06:59.962Z
7736 17th Avenue NE, Seattle, WA 98115;650000;ForSale;4;1;Seattle;2024-01-03T20:24:15.146Z
2662 E Lake Sammamish Parkway NE, Sammamish, WA 98074;3398000;ForSale;3;3;Sammamish;2023-11-20T05:51:48.148Z
480 N 4th Street, Kalama, WA 98625;620000;ForSale;3;3;Kalama;2024-04-01T04:18:06.516Z
1974 Ilene Dr, Moscow, ID 83843;405000;ForSale;3;1;Moscow;2024-01-10T06:11:52.170Z
5904 Johnson Rd, Pullman, WA 99163;450000;ForSale;2;1;Pullman;2024-03-01T19:20:02.273Z
7106 32nd Avenue SW, Seattle, WA 98126;524900;ForSale;2;1;Seattle;2024-01-13T07:05:49.014Z
15275 S Andrus Rd LOT 4, Cheney, WA 99004;949000;ForSale;3;3;Cheney;2023-12-18T22:06:11.352Z
16925 N Triple Butte Cir, Colbert, WA 99005;1599900;ForSale;7;6;Colbert;2023-12-28T22:36:33.347Z
1010 186th Street Ct E, Spanaway, WA 98387;455000;ForSale;3;2;Spanaway;2023-11-03T17:34:38.664Z
1936 Cypress Pl, Richland, WA 99354;525000;ForSale;3;3;Richland;2024-03-10T06:07:43.120Z
7554 116th Avenue NE UNIT 1, Kirkland, WA 98033;1699950;ForSale;3;3;Kirkland;2024-02-29T05:33:12.099Z
15880 NW Claremont Dr, Portland, OR 97229;875000;ForSale;3;2;Portland;2024-03-26T20:18:06.818Z
4705 NE 10th Ave, Portland, OR 97211;670000;ForSale;3;2;Portland;2024-02-10T16:22:47.821Z
804 S Main St, Colfax, WA 99111;295000;ForSale;3;2;Colfax;2024-03-10T21:45:42.597Z
206 Aeneas Valley Road, Tonasket, WA 98855;345000;ForSale;3;2;Tonasket;2023-12-26T11:16:05.799Z
150 Nursery Hill Dr #108, View Royal, BC V9B 0P2;624900;ForSale;2;2;View Royal;2024-01-22T11:18:45.707Z
15275 S Andrus Rd LOT 6, Cheney, WA 99004;1525000;ForSale;3;3;Cheney;2023-12-27T09:15:38.001Z
6239 6th Avenue SE, Lacey, WA 98503;990000;ForSale;3;3;Lacey;2023-10-30T09:31:39.714Z
158 Terrace Drive, San Juan Island, WA 98250;849500;ForSale;3;2;Friday Harbor;2024-02-08T19:41:53.753Z
1111 Nob Hill Avenue N, Seattle, WA 98109;2195000;ForSale;4;3;Seattle;2023-12-24T06:35:17.910Z
8770 Puffin Ln, Manzanita, OR 97130;2675000;ForSale;4;3;Manzanita;2023-12-25T19:15:54.693Z
1318 50th Street SE, Everett, WA 98203;1050000;ForSale;3;3;Everett;2024-02-18T02:58:52.898Z
36020 3rd Avenue S, Federal Way, WA 98003;875000;ForSale;4;3;Federal Way;2024-03-11T18:53:21.629Z
90278 Logan Rd, Astoria, OR 97103;750000;ForSale;3;2;Astoria;2024-03-31T21:28:48.367Z
4316 N Lillian Rd, Spokane, WA 99216;289900;ForSale;3;1;Spokane;2024-01-09T22:40:37.553Z
33454 SE 50th Court, Fall City, WA 98024;350000;ForSale;3;2;Fall City;2023-10-08T07:48:09.936Z
17180 W Kathleen Ave, Hauser, ID 83854;1162087;ForSale;4;4;Hauser;2024-01-14T04:09:31.589Z
8728 Milbanke Drive SE, Olympia, WA 98513;524950;ForSale;4;3;Olympia;2024-03-09T20:48:12.011Z
16446 Southeast Jones Road, Renton, WA 98058;630000;ForSale;3;3;Renton;2023-11-30T01:12:14.333Z
5518 Doris SE, Olympia, WA 98513;429000;ForSale;3;1;Olympia;2024-02-19T20:49:16.974Z
3814 3816 73rd Avenue Ct NW, Gig Harbor, WA 98335;738000;ForSale;4;4;Gig Harbor;2023-10-28T16:29:42.440Z
1725 242nd Street SE UNIT #220, Bothell, WA 98021;375000;ForSale;2;2;Bothell;2024-01-06T18:51:01.996Z
505 NE 146th Ct, Vancouver, WA 98684;499000;ForSale;3;2;Vancouver;2024-03-26T13:32:31.170Z
1910 A Highway 7, Oroville, WA 98844;489000;ForSale;3;4;Oroville;2024-02-15T04:38:32.360Z
2625 NE 130th Ct, Vancouver, WA 98684;399000;ForSale;3;3;Vancouver;2024-01-22T02:48:26.681Z
3817 120th Place SE, Everett, WA 98208;825000;ForSale;4;3;Everett;2023-12-04T10:20:50.080Z
4539 205th Place NE, Sammamish, WA 98074;3250000;ForSale;4;4;Sammamish;2023-11-01T14:09:03.214Z
8311 S State Route 106, Union, WA 98592;1999990;ForSale;3;3;Union;2024-03-30T04:26:50.585Z
5436 Glenmore Village Drive SE, Olympia, WA 98501;469999;ForSale;3;2;Olympia;2024-01-22T05:38:25.010Z
4007 231st Street Ct E, Spanaway, WA 98387;429950;ForSale;3;2;Spanaway;2024-03-09T19:47:06.170Z
37769 Highway 26, Seaside, OR 97138;1395000;ForSale;4;5;Seaside;2023-12-04T23:29:02.275Z
9307 NW 9th Ave, Vancouver, WA 98665;624900;ForSale;4;4;Vancouver;2023-11-30T20:03:36.542Z
8716 304th Street Ct E, Graham, WA 98338;989000;ForSale;3;2;Graham;2023-11-28T06:18:05.642Z
19427 Edgecliff Drive SW, Normandy Park, WA 98166;2300000;ForSale;2;2;Seattle;2024-01-15T21:41:05.371Z
17505 NE 4th Place, Bellevue, WA 98008;1800000;ForSale;4;3;Bellevue;2024-02-19T01:11:14.185Z
831 S Grand Drive, Moses Lake, WA 98837;224900;ForSale;2;1;Moses Lake;2023-12-05T04:29:28.385Z
928 N Elm Ave, Pasco, WA 99301;450000;ForSale;4;3;Pasco;2024-01-11T21:26:57.874Z
8632 138th Place SE, Newcastle, WA 98059;1685000;ForSale;4;4;Newcastle;2023-12-19T02:17:16.763Z
11740 16th Avenue NE, Seattle, WA 98125;779000;ForSale;4;2;Seattle;2024-03-27T16:40:01.054Z
17907 153rd Avenue SE, Yelm, WA 98597;885000;ForSale;4;3;Yelm;2023-12-23T01:03:48.396Z
109 S 4th St, Harrington, WA 99134;245000;ForSale;3;1;Harrington;2024-02-16T15:05:04.650Z
1430 141st Court SE, Mill Creek, WA 98012;1450000;ForSale;4;3;Mill Creek;2023-12-17T08:47:38.250Z
2782 Homestead Avenue, Clinton, WA 98237;800000;ForSale;3;3;Clinton;2024-03-28T02:22:47.047Z
207 N Stafford St, Portland, OR 97217;675000;ForSale;4;4;Portland;2024-02-18T13:07:41.115Z
2820 Mission Ridge Road, Wenatchee, WA 98801;1329000;ForSale;4;4;Wenatchee;2024-03-18T14:27:32.752Z
365 W Yucca Ave, Hermiston, OR 97838;305500;ForSale;3;2;Hermiston;2023-11-15T11:09:41.476Z
31005 378th Avenue NE, Arlington, WA 98223;599950;ForSale;2;2;Arlington;2024-03-14T18:45:52.203Z
7729 200th Street SW, Edmonds, WA 98026;569000;ForSale;3;2;Edmonds;2023-12-26T08:53:14.839Z
3004 Orange Rd, Winlock, WA 98596;339900;ForSale;3;2;Winlock;2023-11-18T01:07:07.833Z
1315 Pear Ln, Sunnyside, WA 98944;369000;ForSale;3;2;Sunnyside;2023-12-04T02:16:01.817Z
13 N 93rd Avenue, Yakima, WA 98908;456500;ForSale;3;2;Yakima;2023-12-22T15:20:57.238Z
1287 Verdier Ave #7, Brentwood Bay, BC V8M 1H1;749000;ForSale;3;3;Brentwood Bay;2023-10-12T10:14:24.279Z
812 SE 78th Ave, Vancouver, WA 98664;799000;ForSale;3;3;Vancouver;2024-01-13T03:13:21.861Z
4425 230th Way SE, Sammamish, WA 98075;2198000;ForSale;6;5;Sammamish;2023-11-29T08:27:28.995Z
23202 114th Street E, Buckley, WA 98321;525000;ForSale;3;2;Buckley;2024-03-27T21:28:06.950Z
91716 Taylorville Rd, Clatskanie, OR 97016;180000;ForSale;2;1;Clatskanie;2023-11-11T05:53:01.850Z
916 Lyall St #604, Esquimalt, BC V9A 5E6;1750000;ForSale;2;3;Esquimalt;2024-03-28T03:05:26.362Z
670 Maplewood Loop, Oak Harbor, WA 98277;899000;ForSale;3;2;Oak Harbor;2024-03-14T11:03:01.486Z
20511 153rd Street E, Bonney Lake, WA 98391;749990;ForSale;4;4;Bonney Lake;2024-02-16T17:06:06.089Z
12930 Terrace Falls Road, Arlington, WA 98223;400000;ForSale;2;2;Arlington;2023-10-25T19:25:37.293Z
23208 66th Avenue W, Mountlake Terrace, WA 98043;739950;ForSale;3;3;Mountlake Terrace;2023-11-17T20:06:22.234Z
2902 Magnolia Street, Longview, WA 98632;520000;ForSale;2;2;Longview;2023-11-12T15:58:49.743Z
305 19th Street, Hoquiam, WA 98550;345000;ForSale;4;2;Hoquiam;2024-02-09T10:04:56.946Z
465 Arnold Ave, Victoria, BC V8S 3L9;1329000;ForSale;5;2;Victoria;2023-10-11T14:39:12.680Z
1919 Maple Ave S #112, Sooke, BC V9Z 1L5;549900;ForSale;3;3;Sooke;2024-01-02T01:50:33.791Z
10737 Evanston Avenue N, Seattle, WA 98133;785000;ForSale;3;1;Seattle;2024-01-17T16:39:58.886Z
2704 N Baldwin St, Portland, OR 97217;389900;ForSale;2;1;Portland;2024-01-07T10:52:20.932Z
630 Woodcreek Dr, North Saanich, BC V8L 5K5;2350000;ForSale;4;4;North Saanich;2023-11-21T05:00:57.224Z
163 Bushby St, Victoria, BC V8S 1B5;2050000;ForSale;5;2;Victoria;2024-03-24T08:12:54.020Z
3105 N Park Rd, Spokane, WA 99212;349900;ForSale;3;2;Spokane;2024-02-10T22:51:12.886Z
LOT La Fortune Rd #A, Cowichan Valley, BC V0R 1L4;1489900;ForSale;0;0;Cowichan Valley;2023-11-12T20:54:16.092Z
6259 Bellwood Drive, Maple Falls, WA 98266;434950;ForSale;3;2;Maple Falls;2023-12-09T06:39:12.821Z
4310 N Best Rd, Spokane, WA 99216;399900;ForSale;2;2;Spokane;2024-03-14T11:19:38.025Z
9313 W Foxtail Ln, Spokane, WA 99224;395000;ForSale;3;3;Spokane;2024-01-14T04:31:59.839Z
868 Orono Ave #105, Langford, BC V9B 0X9;538000;ForSale;2;2;Langford;2024-01-09T11:48:04.872Z
16201 NW Fescue Ct, Portland, OR 97229;480000;ForSale;3;3;Portland;2024-01-24T09:08:18.348Z
2502 SE 151st Avenue, Vancouver, WA 98674;795000;ForSale;4;2;Vancouver;2023-12-20T08:41:53.918Z
2904 Black Diamond Road, Port Angeles, WA 98363;585000;ForSale;3;4;Port Angeles;2024-02-17T22:21:11.673Z
138 Lancie Road, Randle, WA 98377;297000;ForSale;2;2;Randle;2024-02-29T09:45:48.595Z
3431 NW Lacamas Ln, Camas, WA 98607;1350000;ForSale;4;5;Camas;2024-02-21T10:47:33.850Z
22820 126th Place SE, Kent, WA 98031;639995;ForSale;6;3;Kent;2024-02-07T21:40:36.472Z
1433 8th Avenue, Longview, WA 98632;245000;ForSale;2;2;Longview;2023-10-21T04:11:56.334Z
133 Bradley Street, Walla Walla, WA 99362;639000;ForSale;4;2;Walla Walla;2024-01-29T23:10:06.562Z
12312 SE 237th Place, Kent, WA 98031;924950;ForSale;4;3;Kent;2024-02-05T19:46:30.549Z
340 2nd Ave #101, Ladysmith, BC V9G 1T4;824900;ForSale;3;3;Ladysmith;2024-01-10T14:25:14.704Z
340 2nd Ave #105, Ladysmith, BC V9G 1T4;849900;ForSale;3;3;Ladysmith;2023-12-10T06:16:28.872Z
340 2nd Ave #102, Ladysmith, BC V9G 1T4;824900;ForSale;3;3;Ladysmith;2023-10-20T04:57:32.336Z
112 Cambridge St, Victoria, BC V8V 4B2;1599000;ForSale;7;4;Victoria;2023-11-02T02:23:53.961Z
340 2nd Ave #104, Ladysmith, BC V9G 1T4;799900;ForSale;3;3;Ladysmith;2024-03-10T02:01:24.097Z
340 2nd Ave #103, Ladysmith, BC V9G 1T4;799900;ForSale;3;3;Ladysmith;2024-03-30T09:23:45.895Z
5009 W 19th Ave, Kennewick, WA 99338;999000;ForSale;4;4;Kennewick;2024-04-02T01:36:19.028Z
6737 Ellis Avenue S, Seattle, WA 98108;799000;ForSale;4;2;Seattle;2023-12-09T09:38:46.763Z
5940 Cherry Heights Rd, The Dalles, OR 97058;590000;ForSale;3;2;The Dalles;2023-11-02T03:09:08.470Z
60 Saghalie Rd #1206, Victoria, BC V9A 0B8;669000;ForSale;1;1;Victoria;2024-03-21T20:58:52.745Z
3359 Curlew St, Colwood, BC V9C 0P3;1350000;ForSale;4;4;Colwood;2023-12-06T00:00:48.341Z
8805 State Route 302 NW, Gig Harbor, WA 98329;750000;ForSale;4;3;Gig Harbor;2023-10-11T09:26:23.749Z
6925 E Cascade Drive, Port Orchard, WA 98366;405000;ForSale;3;2;Pt Orchard;2023-12-26T05:49:59.297Z
1481 Rosenkranz Rd, Tieton, WA 98947;395000;ForSale;4;1;Tieton;2023-11-02T04:14:22.655Z
24410 E Hawkstone Loop, Liberty Lake, WA 99019;455000;ForSale;2;3;Liberty Lake;2023-11-09T07:51:44.458Z
379 Tyee Rd #1005, Victoria, BC V9A 0B4;684900;ForSale;1;1;Victoria;2024-03-20T01:49:18.208Z
18989 NE Marine Dr, Portland, OR 97230;60000;ForSale;2;1;Portland;2023-12-12T14:54:53.007Z
4246 Legacy Drive NE, Olympia, WA 98516;949900;ForSale;4;4;Olympia;2023-11-14T19:01:11.990Z
27 Shangri La Court, Walla Walla, WA 99362;1395000;ForSale;8;6;Walla Walla;2023-10-15T14:49:08.954Z
6805 NE 67th St, Vancouver, WA 98661;565000;ForSale;3;3;Vancouver;2024-02-02T06:33:09.506Z
4995 Hannegan Road, Bellingham, WA 98226;1625000;ForSale;3;3;Bellingham;2023-12-14T13:02:54.371Z
3526 S Grace Lane, Bellingham, WA 98226;750000;ForSale;3;2;Bellingham;2024-01-16T08:49:11.561Z
1676 Vine Maple Lane, Camano Island, WA 98282;525000;ForSale;3;3;Camano Island;2024-01-09T18:41:26.583Z
29201 20th Avenue S, Federal Way, WA 98003;695000;ForSale;5;3;Federal Way;2023-11-13T04:38:09.501Z
4825 NE Skidmore St, Portland, OR 97218;775000;ForSale;3;3;Portland;2024-02-23T01:27:03.771Z
5213 W Decatur Ave, Spokane, WA 99208;799990;ForSale;5;4;Spokane;2023-12-12T22:06:26.234Z
320 Adams St, Asotin, WA 99402;560000;ForSale;4;3;Asotin;2024-02-16T04:06:13.563Z
1700 Peter Hagen Road NW, Seabeck, WA 98380;700000;ForSale;4;3;Seabeck;2023-11-29T03:38:54.249Z
6400 N Montana Ave, Portland, OR 97217;425000;ForSale;2;2;Portland;2023-12-30T14:10:50.633Z
155 SW Skyline Dr, Pullman, WA 99163;455000;ForSale;4;2;Pullman;2024-04-03T16:51:24.900Z
13024 NE 111th Place, Kirkland, WA 98033;1150000;ForSale;3;3;Kirkland;2024-03-13T15:39:19.902Z
9624 Linden Avenue N, Seattle, WA 98103;658000;ForSale;2;2;Seattle;2024-02-17T00:06:32.461Z
515 Chatham St N #415, Victoria, BC V8T 0C8;498000;ForSale;1;1;Victoria;2024-01-01T20:33:50.833Z
8016 Treasure River Trail SW, Olympia, WA 98512;475000;ForSale;3;2;Olympia;2024-01-20T13:52:46.217Z
470 Craig Rd, Naches, WA 98937;56000;ForSale;1;0;Naches;2023-11-04T19:26:03.715Z
14312 235th Street SE, Snohomish, WA 98296;1150000;ForSale;3;3;Snohomish;2023-10-16T07:58:15.143Z
1111 Eid Rd, Moscow, ID 83843;735000;ForSale;4;3;Moscow;2023-12-19T12:57:17.149Z
75 Road Less Traveled, Sequim, WA 98382;895000;ForSale;2;2;Sequim;2023-10-27T10:10:31.854Z
32706 SE 76th Street, Fall City, WA 98024;1750000;ForSale;4;3;Fall City;2023-11-06T14:42:52.906Z
5425 NW Eldorado Boulevard, Bremerton, WA 98312;865000;ForSale;4;3;Bremerton;2023-11-26T01:51:02.495Z
1823 Agate Place, Wenatchee, WA 98801;579500;ForSale;4;3;Wenatchee;2024-03-26T15:46:28.815Z
118 NE 125th Street, Seattle, WA 98125;824000;ForSale;4;2;Seattle;2023-10-21T21:07:02.969Z
21104 N River Run Ln, Colbert, WA 99005;1650000;ForSale;5;5;Colbert;2023-11-16T00:06:31.952Z
809 Biggs St, Wasco, OR 97065;138000;ForSale;3;2;Wasco;2023-11-22T00:23:12.508Z
1010 Ross St, Davenport, WA 99122;470000;ForSale;4;3;Davenport;2023-11-28T17:24:45.603Z
39926 Cape Horn Road, Concrete, WA 98237;375000;ForSale;2;1;Concrete;2024-01-09T02:41:02.467Z
2313 Orchard Ave, Sidney, BC V8L 1T5;1399000;ForSale;3;3;Sidney;2023-10-30T12:38:14.004Z
15151 NW Channa Dr, Portland, OR 97229;985000;ForSale;4;3;Portland;2024-01-02T22:05:57.976Z
204 Observation Dr, Yakima, WA 98901;535000;ForSale;2;2;Yakima;2023-10-30T17:44:14.088Z
4721 N Normandie St, Spokane, WA 99205;305000;ForSale;3;2;Spokane;2023-11-04T03:50:48.709Z
23320 NE 10th Ave, Ridgefield, WA 98642;1499000;ForSale;5;4;Ridgefield;2023-11-24T08:09:35.579Z
3210 E 24th Ave, Spokane, WA 99223;420000;ForSale;4;2;Spokane;2023-12-05T12:32:41.415Z
23221 53rd Avenue SE, Bothell, WA 98021;1100000;ForSale;3;3;Bothell;2024-03-27T05:24:49.758Z
7738 10th Avenue NW, Seattle, WA 98117;949000;ForSale;2;3;Seattle;2023-11-13T21:50:23.755Z
11114 N Waikiki Rd, Spokane, WA 99218;649900;ForSale;7;4;Spokane;2023-12-02T09:23:40.602Z
7039 Foothill Loop SW, Olympia, WA 98512;595000;ForSale;3;3;Olympia;2023-10-25T00:00:19.692Z
332 Shuwah Road, Forks, WA 98331;459000;ForSale;3;2;Forks;2023-12-05T11:12:32.852Z
19247 7th Place S, Des Moines, WA 98148;645000;ForSale;4;3;Des Moines;2024-01-15T21:19:11.581Z
1229-1213 Franklin Ave, Astoria, OR 97103;660000;ForSale;6;6;Astoria;2024-02-24T14:00:25.923Z
5912 W 17th Ave, Kennewick, WA 99338;450000;ForSale;3;3;Kennewick;2024-02-04T08:43:37.741Z
262 N Legacy Ridge Dr, Liberty Lake, WA 99019;2150000;ForSale;4;4;Liberty Lake;2024-02-21T12:10:48.772Z
5511 36th Avenue Ct NE, Tacoma, WA 98422;1195000;ForSale;5;4;Tacoma;2024-03-05T13:21:37.928Z
5529 N Campbell Rd, Otis Orchards, WA 99027;850000;ForSale;8;4;Otis Orchards;2024-01-17T05:31:29.842Z
40 N Goldeneye Place, Hoodsport, WA 98548;350000;ForSale;2;2;Hoodsport;2023-12-13T04:34:34.879Z
9777 Vista Terrace, Blaine, WA 98230;639000;ForSale;4;3;Blaine;2024-03-27T09:28:20.436Z
11026 39th Avenue NE, Seattle, WA 98125;950000;ForSale;4;3;Seattle;2023-12-01T10:00:43.052Z
2717 Western Avenue UNIT PH-18, Seattle, WA 98121;750000;ForSale;2;2;Seattle;2023-12-13T07:01:19.365Z
7313 49th Drive NE, Marysville, WA 98270;379990;ForSale;2;2;Marysville;2023-10-31T22:19:17.508Z
556 6th Avenue S, Edmonds, WA 98020;1678000;ForSale;3;3;Edmonds;2023-10-18T07:51:16.248Z
14302 NE Failing St, Portland, OR 97230;529900;ForSale;3;2;Portland;2024-03-24T19:29:38.604Z
518 Sunset Avenue, Wenatchee, WA 98801;345000;ForSale;3;1;Wenatchee;2024-01-31T19:42:04.458Z
701 Columbia St APT 603, Vancouver, WA 98660;361900;ForSale;2;2;Vancouver;2023-12-23T16:01:37.206Z
44 Sageland Road, East Wenatchee, WA 98802;2345000;ForSale;6;4;East Wenatchee;2023-11-13T17:33:39.536Z
760 Johnson St #1203, Victoria, BC V8W 0A4;599900;ForSale;1;1;Victoria;2023-12-11T09:39:50.147Z
18214 SE 244th Place, Covington, WA 98042;824950;ForSale;6;3;Covington;2023-10-31T21:21:42.914Z
2203 Sunrise Street, Ferndale, WA 98248;699000;ForSale;5;3;Ferndale;2024-04-06T01:16:25.521Z
120 Cedar Lane, Port Hadlock, WA 98339;180000;ForSale;2;2;Port Hadlock;2023-10-21T04:00:09.514Z
537 NE Ellis Way UNIT D102, Oak Harbor, WA 98277;274900;ForSale;2;2;Oak Harbor;2024-01-08T09:45:13.198Z
31 3 Riverview Court, Deming, WA 98244;85000;ForSale;1;1;Deming;2024-02-14T15:45:29.233Z
1606 NE 140th Street UNIT N4, Seattle, WA 98125;585000;ForSale;2;2;Seattle;2024-02-13T14:45:20.010Z
24305 34th Avenue Ct E, Spanaway, WA 98387;475000;ForSale;3;2;Spanaway;2023-12-06T11:11:51.725Z
16028 89th Avenue E, Puyallup, WA 98375;444950;ForSale;3;3;Puyallup;2023-10-14T00:05:18.392Z
4421 NE 123rd Ave, Vancouver, WA 98682;489900;ForSale;3;3;Vancouver;2024-03-15T12:11:58.617Z
30519 24th Avenue SW, Federal Way, WA 98023;1100000;ForSale;5;4;Federal Way;2023-12-26T15:57:59.208Z
241 McKinstry Rd #101, Duncan, BC V9L 3L3;370000;ForSale;3;2;Duncan;2023-12-30T03:56:57.194Z
1009 Browns Point Blvd Boulevard NE, Tacoma, WA 98422;649000;ForSale;3;2;Tacoma;2024-02-16T16:02:08.521Z
2626 E Union, Seattle, WA 98122;949950;ForSale;3;4;Seattle;2024-03-16T09:32:44.433Z
7820 285th Place NW, Stanwood, WA 98292;710000;ForSale;5;3;Stanwood;2024-01-26T22:14:18.702Z
1095 Corum Circle, East Wenatchee, WA 98802;410000;ForSale;2;3;East Wenatchee;2023-10-23T03:03:25.537Z
1730 Lakeside Avenue S, Seattle, WA 98144;4999999;ForSale;4;4;Seattle;2024-02-18T07:05:03.180Z
11511 Exeter Avenue NE, Seattle, WA 98125;1195000;ForSale;3;2;Seattle;2024-04-04T09:32:37.586Z
1708 SE Solomon Loop, Vancouver, WA 98683;590000;ForSale;3;3;Vancouver;2024-02-03T18:49:11.146Z
12415 73RD Lane S UNIT 43, Tukwila, WA 98178;280000;ForSale;2;2;Seattle;2023-10-29T00:39:51.324Z
1371 E Island Lake Drive, Shelton, WA 98584;352000;ForSale;2;1;Shelton;2024-01-21T02:06:17.499Z
40845 264th Avenue SE, Enumclaw, WA 98022;975000;ForSale;5;3;Enumclaw;2023-12-05T23:41:18.008Z
2120 Malaview Ave #26, Sidney, BC V8L 2E4;844500;ForSale;2;3;Sidney;2024-02-08T23:48:57.898Z
124 Cooper Rd #27, New Songhees 1a, BC V9A 7B3;224900;ForSale;1;1;New Songhees 1a;2024-01-05T03:03:06.181Z
12933 SE 308th Place, Auburn, WA 98092;668500;ForSale;4;3;Auburn;2024-01-10T11:28:01.730Z
970 Colonia Dr, Ladysmith, BC V9G 1N9;899900;ForSale;5;4;Ladysmith;2024-01-10T05:43:33.307Z
135 Bergevin Springs Place, Walla Walla, WA 99362;1650000;ForSale;5;4;Walla Walla;2024-03-11T11:46:03.532Z
2522 Superior Street, Bellingham, WA 98226;275000;ForSale;2;1;Bellingham;2024-04-01T21:59:25.463Z
4562 W Connaught Ave, Spokane, WA 99208;428950;ForSale;3;3;Spokane;2023-11-12T19:03:11.264Z
11 E Lake Stevens Road, Lake Stevens, WA 98258;1875000;ForSale;4;3;Lake Stevens;2023-12-12T04:24:07.115Z
5264 NE 121st Ave APT BB306, Vancouver, WA 98682;249000;ForSale;2;2;Vancouver;2023-10-13T20:40:34.027Z
130 Udell Ln, Yakima, WA 98908;625000;ForSale;4;4;Yakima;2023-12-04T21:17:32.522Z
4895 Prospect Lake Rd, Victoria, BC V9E 1J5;2399900;ForSale;4;3;Victoria;2024-01-14T03:26:56.556Z
1166 Griggs Street, Dupont, WA 98327;619000;ForSale;4;3;Dupont;2023-11-18T21:18:51.088Z
169 W Duane St, Astoria, OR 97103;475000;ForSale;4;2;Astoria;2023-11-28T00:00:31.509Z
3660 Celeste Court SE, Port Orchard, WA 98366;465000;ForSale;4;3;Pt Orchard;2024-02-22T06:36:10.686Z
33310 N Sunset Rd, Benton City, WA 99320;369000;ForSale;3;2;Benton City;2023-12-17T23:09:18.945Z
211 Parsons Avenue, Yakima, WA 98908;365000;ForSale;4;2;Yakima;2024-01-14T13:58:34.855Z
26105 121st Street Ct E, Buckley, WA 98321;529000;ForSale;3;3;Buckley;2023-11-21T01:49:16.062Z
10510 W Richland Ln UNIT 139, Cheney, WA 99004;300000;ForSale;3;2;Cheney;2023-12-24T00:38:14.644Z
501 W Bolan Ave, Spokane, WA 99224;555000;ForSale;5;3;Spokane;2023-10-26T21:19:38.363Z
588 Bell Street UNIT 2504S, Seattle, WA 98121;719900;ForSale;1;1;Seattle;2023-10-08T09:40:01.235Z
1421 W Casino Road UNIT A-14, Everett, WA 98204;365000;ForSale;2;2;Everett;2024-03-13T01:53:01.765Z
150 Rogstad Powerline Rd, Blanchard, ID 83804;525000;ForSale;3;2;blanchard;2023-12-24T22:05:34.867Z
627 N Tomahawk Island Dr, Portland, OR 97217;525000;ForSale;3;3;Portland;2023-11-07T23:30:53.864Z
1965 Baker View Dr, Sequim, WA 98382;799000;ForSale;3;2;Sequim;2024-01-13T09:56:32.552Z
5209 E Mason Pr NE, Benton City, WA 99320;280000;ForSale;3;2;Benton City;2023-12-13T00:33:18.350Z
1103 206th Avenue NE, Sammamish, WA 98074;850000;ForSale;3;3;Sammamish;2023-12-13T11:35:15.288Z
4409 S Holly Street, Seattle, WA 98118;790000;ForSale;4;1;Seattle;2023-11-12T13:24:50.238Z
778 Gracie Lane W, Eatonville, WA 98328;499997;ForSale;3;3;Eatonville;2023-10-10T04:36:14.049Z
835 Ocean Shores Boulevard NW UNIT 104, Ocean Shores, WA 98569;164992;ForSale;1;1;Ocean Shores;2023-10-24T20:13:28.793Z
1419 E Gateway Heights Loop, Sedro Woolley, WA 98284;519900;ForSale;3;3;Sedro Woolley;2024-03-08T18:03:19.900Z
849 Bodie Street SE, Lacey, WA 98513;679950;ForSale;3;3;Lacey;2024-03-16T17:49:13.262Z
1212 S Cushman Avenue, Tacoma, WA 98405;499000;ForSale;3;3;Tacoma;2024-02-21T01:29:39.753Z
1841 Trosper Road SW UNIT 50, Tumwater, WA 98512;59500;ForSale;2;2;Tumwater;2023-11-16T11:39:03.426Z
5575 E Evergreen Boulevard UNIT 4307, Vancouver, WA 98661;270000;ForSale;1;1;Vancouver;2024-03-13T22:05:28.182Z
216 W Smith Street, Seattle, WA 98119;675000;ForSale;1;1;Seattle;2024-02-26T04:28:17.222Z
125 NE Nunan Loop UNIT 2, Oak Harbor, WA 98277;389985;ForSale;3;2;Oak Harbor;2023-12-29T11:31:52.552Z
19206 NW Quail Way, Soap Lake, WA 98851;530000;ForSale;3;2;Soap Lake;2023-11-25T15:00:51.609Z